product_title,campaign_name
CURREN Watch 8225,CURREN 8225
Additional Delivery to Bonny Island,
BIDEN Watch Men Fashion Sport Quartz Clock Full Steel Business Waterproof Watch, BIDEN 0083
Bostanten Men's Expandable Briefcase Laptop Bag,Bostanten B1182033K
Bostanten Men's Genuine Leather Belt,Bostanten B4181060K
Bostanten Men's Genuine Leather RFID Blocking Vintage Wallet,Bostanten B30543K
Bostanten Men's Genuine Leather Wallet,Bostanten B30242K
CCQ Fashion Luxury Women Bracelet Watches Ladies Quartz Watch Casual Women Wristwatches,CCQ 005
CURREN Casual Date Quartz  Watches Fashion Leather Sports Wristwatch Chronograph Watch,Curren 8314
CURREN Chronograph Quartz Clock Leather Wristwatch,Curren 8346
CURREN Fashion Business Watches Men Creative Design Dial Quartz Watch Stainless Steel Band Wristwatch,Curren 8366
CURREN Fashion Chronograph Leather Strap Luminous Waterproof Quartz Wristwatch,Curren 8380
CURREN Military Leather Strap Wrist Watch 8301,Curren 8301
CURREN Trendy Women Watch,CURREN 9007
CURREN Watch 8023,Curren 8023
CURREN Watch 8329,Curren 8329
CURREN Watch 9015,Curren 9015
CURREN Women's Luxury Watch 9016,Curren 9016
F3 Smart Watch Waterproof Smart Bracelet For IOS Android Heart Rate Blood Pressure Monitoring Wristband GPS Track Movement IP68,F3
Fashion New Mens Stainless Steel Date Military Quartz Analog Wrist Watch,
FOCALLURE Big Cover Liquid Concealer Moisturizing Oil-control Waterproof Contour Makeup Face Primer Face Cream Concealer,
FOCALLURE Bold Colours Eyeshadow Palette,
FOCALLURE Daily Waterproof Face 4 in 1 Makeup Set (FA96+ FA01+ FA01+FA18),FOCALLURE Daily Waterproof Face 4 in 1 Makeup Set
FOCALLURE Eyes Comestic Waterproof Eyebrow Gel Makeup Long Lasting Liquid Eyebrow Gel,
FOCALLURE Full Cover Effect 3 in 1 Makeup Set (FA30+FA16+FA53),FOCALLURE Full Cover Effect 3 in 1 Makeup Set
FOCALLURE Full Coverage Mineral Face Powder,
FOCALLURE Full Coverage Oil Control Matt Make-up Foundation,
FOCALLURE Full Coverage Oil-control Liquid Make-Up Foundation,
Focallure Glamourous Waterproof Eyebrow Pen,
FOCALLURE Illuminating Waterproof Full Face Coverage Makeup Set (FA96+ FA01+ FA01),FOCALLURE Illuminating Waterproof Full Face Coverage Makeup Set
Focallure Moisturizing Setting Spray (FA96),
FOCALLURE Oil-control Facial Makeup Primer,
FOCALLURE Professional 3D Dramatic And Lengthening Waterproof Mascara,
Focallure Professional Full & Medium Coverage Face Makeup Set ( FA30+FA31+FA16),Focallure Professional Full & Medium Coverage Face Makeup Set
Focallure Velvet Lacquer Lipstick (FA59),
Forsining Men Watches Luxury Mechanical Skeleton Watch,GMT838
Gildan 76000L Premium Cotton Ladies Ring Spun T-Shirt,Gildan 76000
GILDAN Adult Hoodie Sweatshirt 88500,Gildan 88500
GILDAN Adult Sweatshirt 88000,Gildan 88000
GILDAN HA30 Hammer Adult T-Shirt with Pocket,Gildan HA30
Gildan Premium Cotton Adult 3/4 Sleeve Raglan T-Shirt 76700,Gildan 76700
Gildan Premium Cotton Adult Long Sleeve T-Shirt 76400,Gildan 76400
GILDAN Premium Cotton MEN?€?S TANK TOP 76200,Gildan 76200
GILDAN Premium Cotton Super Comfortable Double Pique Unisex Polo T-Shirt,Gildan 6800
Gildan Softstyle Adult T-Shirt 63000,Gildan 63000
H8 Bluetooth Sports Bracelet Pedometer Fitness Tracker Watch For Android IOS Smart Wristband Smart Watch,H8
H8 Smart Watch,H8
Hot Women Casual Quartz Wrist Watch, SUSENSTONE 002
Kimio Watch 6133,Kimio 6133
KINYUED Skeleton Tourbillon Mechanical Automatic Classic Leather Wrist Watches 1012,Kinyued 1012
KINYUED Watch 1012,Kinyued 1012
KINYUED Watch JYD-J062,Kinyued J062
Luxury Quartz Stainless Steel Wrist Watch,SUSENSTONE 003
Luxury Watch Gold CURREN Watches Stainless Steel Quartz Wristwatch Auto Date Clock,Curren 8375
MIGEER G2004 Analog Digital Wristwatch,Migeer G2004
MIGEER G2013 Luxury Men Business Casual Watches,Migeer G2013
MIGEER Men's Stylish Fashion Watch,Migeer MG327
MIGEER MG-278 Fashion Faux Leather Men's Watch,Migeer MG278
NAVIFORCE Luxury Brand Men?€?s Sports Watch,Naviforce NF9171
NAVIFORCE Luxury Military Design Men's Watch NF9063,Naviforce NF9063
NAVIFORCE Stainless Fashion Watch NF9165,Naviforce NF9165
NAVIFORCE Top Brand Luxury Waterproof Leather Watch NF9099,Naviforce NF9099
NEMO 05 5000mAh Power Bank,Nemo 05
NITE 6GN Power Bank,Nite 6GN
ORIENTAL SELECTED Belted Stretchy Form-Fitting Women's Boot-Cut Jeans Trousers,ORIENTAL SELECTED-Jean 004
ORIENTAL SELECTED Checked Tote Women's Shoulder 4 in 1 Bag Set,ORIENTAL SELECTED-Bag 012
ORIENTAL SELECTED Elegant Women's Shoulder Leather & Chain Strap Bag,ORIENTAL SELECTED-Bag 008
ORIENTAL SELECTED Formal Women's Leather Hand Bag With Outer Pouch,ORIENTAL SELECTED-Bag 010
ORIENTAL SELECTED Luxurious Women's Leather Hand Bag,ORIENTAL SELECTED-Bag 009
ORIENTAL SELECTED Shape-Fit Skinny High-Waist Ripped Stretchy Women's Jeans,ORIENTAL SELECTED-Jean 001
ORIENTAL SELECTED Structured Animal Print Chain Design Women's Hand Bag,ORIENTAL SELECTED-Bag 004
ORIENTAL SELECTED Stylish Chain Shoulder Strap Women's Bag,ORIENTAL SELECTED-Bag 006
ORIENTAL SELECTED Tassel Knapsack Back Pack With Handle,ORIENTAL SELECTED-Bag 011 
ORIENTAL SELECTED Tote 3 IN 1 Shoulder Bag Set,ORIENTAL SELECTED-Bag 001
Poshi D13 Android and Apple Smart Watch WhatsApp Facebook SMS Incoming Call Waterproof Watch,D13
Poshi M4 Android and Apple Smart Watch WhatsApp Facebook SMS Incoming Call Waterproof Watch,M4
"R12 Smart Watch, IP67 Waterproof Sports Fitness Smart Bracelet Music WhatsApp Facebook SMS",R12
Retro Design Leather Band Analog Quartz Wrist Watch Mens Watches,Migeer 6604
SACE LADY 4 Colors Highlighter Palette Makeup Face Contour Powder Bronzer Make Up Blusher Professional Blush Palette Cosmetics,
SACE LADY Compact Powder Oil Control Matte Makeup Setting Pressed Powder Pores Invisible Mate Make Up Natural Finish Cosmetics,
SACE LADY Daily 3 IN 1 Face Makeup Set (SL236+SL265+SL342),SACE LADY Daily 3 IN 1 Face Makeup Set
Sace Lady Daily Full Face Makeup Set (SL222+SL232+SL211+PU),Sace Lady Daily Full Face Makeup Set
SACE LADY Eyebrow Pencil Makeup Professional Eye Brow Pen Make Up Tint Waterproof Eyebrow Paint Shade Natural Brand Cosmetics,
SACE LADY Face Base Primer Makeup Liquid Matte Make Up Fine Lines Oil-control Facial Cream Brighten Foundation Primer Cosmetic,
SACE LADY Face Blusher Powder Makeup Matte Blush Professional Cheek Rouge Make Up Natural Peach Cosmetic,
SACE LADY Face Concealer Cream Full Cover Makeup Liquid Facial Corrector Waterproof Base Make Up for Eye Dark Circles Cosmetic,
SACE LADY Face Foundation Cream Base Makeup Professional Matte Finish Make Up Liquid Concealer Waterproof Brand Natural Cosmetic,
SACE LADY Face Loose Powder Matte Finish Transparent Setting Powder Professional Translucent Makeup Oil-control Compact Cosmetic,
Sace Lady Flawless Face MakeUp Set  (SL218+SL234+SL222),Sace Lady Flawless Face Make Up Set
SACE LADY Full Cover 8 Colors Liquid Concealer Makeup 6ml Eye Dark Circles Cream Face Corrector Waterproof Make Up Base Cosmetic,
SACE LADY Full Cover Pro Concealer Cream Makeup Face Corrector Liquid Make Up Base For Eye Dark Circles Facial Natural Cosmetic,
SACE LADY Glitter Eyeshadow Palette Waterproof Makeup Pigment Cosmetics 6 Colors Shimmer Eye Shadow Pallete Matte Naked Make Up,
SACE LADY Glitter Liquid Highlighter 3D Face Illuminator Professional Shimmer Glow Make Up Cream Facial Bronzer Contour Cosmetic,
SACE LADY GLOW 3 IN 1 Makeup Set (SL241+SL602+SL320),SACE LADY GLOW 3 IN 1 Makeup Set
SACE LADY Liquid Eyeliner Waterproof Makeup Black Eye Liner Pencil Long Lasting Make Up Smudge-proof Pen Natural Brand Cosmetic,
SACE LADY Makeup Sponge Professional Cosmetic Puff For Foundation Concealer Cream Make Up Blender Soft Water Sponge,
SACE LADY Matte Lipstick Makeup 23 Color Liquid Lipstick Red Nude Lip Tint Moisturizing Make Up Waterproof Long Lasting Cosmetic,
SACE LADY Perfect Stay 3 in 1 Makeup Set (SL236+SL331+SL601),SACE LADY Perfect Stay 3 in 1 Makeup Set
SACE LADY Primer Makeup Oil Control Matte Make Up Face Base Cream 24K Gold Professional Pores Foundation Primer Cosmetic,
Sace Lady Professional Full Face Cover Makeup Set (SL222+SL225+SL236),Sace Lady Professional Full Face Cover Makeup Set
Sace Lady Radiant Finish Face MakeUp Set  (SL236+SL241+SL265),Sace Lady Radiant Finish Face MakeUp Set
Sace Lady Smokey Eye Makeup set (SL331+SL342+SL345),Sace Lady Smokey Eye Makeup set
Sace Lady Smooth Professional Face MakeUp Set   (SL234+SL265+SL236),Sace Lady Smooth Professional Face MakeUp Set
SHAARMS Star Magnetic Strap Women's Watch DY001,Shaarms DY001
SHAARMS Starry Sky Magnetic Straps Women's Watch DY002,Shaarms DY002
SHAARMS Watch HT828,Shaarms ht828
SHAARMS Watch SA6001,Shaarms sa6001
SHAARMS Watch SA6078,Shaarms sa6078
SHAARMS Watch SA6079,Shaarms sa6079
SHAARMS Watch SA6102,Shaarms sa6102
Shipping,
Simple Fashion Number Watches Quartz Canvas Belt Wrist Watch,CCQ 001
SKMEI COUPLE WATCH 9071,Skmei 9071
SKMEI Digital Sports Watch 1497,Skmei 1497
SKMEI Men's Digital Fashion Watch 1274,Skmei 1274
SKMEI Smart Watch Men & Women Bluetooth Wristwatches 1250,Skmei 1250
SKMEI Sport Men's Multi-functional Watch  1243,Skmei 1243
SKMEI Sport Watch Men Fashion Casual Alarm Clock Waterproof Military Chrono Dual Display Wristwatches,SKMEI 1016
SKMEI Top Fashion Men's Leather Watch 9156,Skmei 9156
SKMEI Top Sport Men's Multi-functional Watch  1257,Skmei 1257
SOKI Business Watch Nylon Strap Analog Quartz Wrist Watch,SOKI 001
Trendsmax Punk Rock Stainless Steel Black Chain Spinner Men's Ring,Ring
Trendsmax Stainless Steel Curb Cuban Link Men and Women Chain Bracelets,Bracelet
Trendsmax Unisex Cuban Link Stainless Steel Chain Necklace,Necklace
Viennois Geometric Royalty Long Necklace,VIENNOIS T702022Q
WARRIOR MEN SNEAKERS,Warrior 6199
WARRIOR Running Style Fashion Men & Women Sneakers,WARRIOR WXY6277
Warrior Sneakers 5278,Warrior 5278
WARRIOR Sporty Men & Women Sneakers,
WARRIOR UNISEX SNEAKERS,WARRIOR 3386
WARRIORS Athletic & Stylish Men & Women Sneakers,WARRIOR WXYB048S
Watch Box,
WINNER Mechanical Skeletal Design WristWatch,Winner GMT886
WINNER Mechanical Skeletal Design Wrist-Watch,Winner GMT886
Winner Transparent Fashion Diamond Luminous Gear Movement Royal Design Luxury Male Mechanical Skeleton Wrist Watch,Winner S1089
YOOBAO Earphone YBL-2,Yoobao YBL-2
